Date,Close
1/3/2006,7.228929
1/4/2006,7.250205
1/5/2006,7.193145
1/6/2006,7.378825
1/9/2006,7.354649
1/10/2006,7.819816
1/11/2006,8.113807
1/12/2006,8.151525
1/13/2006,8.277245
1/17/2006,8.192142
1/18/2006,7.977451
1/19/2006,7.643807
1/20/2006,7.358516
1/23/2006,7.511317
1/24/2006,7.353682
1/25/2006,7.175739
1/26/2006,6.994895
1/27/2006,6.965883
1/30/2006,7.253107
1/31/2006,7.302428
2/1/2006,7.293722
2/2/2006,6.972652
2/3/2006,6.948476
2/6/2006,6.508452
2/7/2006,6.537466
2/8/2006,6.654483
2/9/2006,6.281189
2/10/2006,6.509419
2/13/2006,6.257981
2/14/2006,6.541334
2/15/2006,6.694132
2/16/2006,6.824688
2/17/2006,6.79761
2/21/2006,6.680594
2/22/2006,6.897219
2/23/2006,6.938806
2/24/2006,6.910759
2/27/2006,6.865306
2/28/2006,6.623537
3/1/2006,6.682527
3/2/2006,6.731849
3/3/2006,6.549071
3/6/2006,6.332445
3/7/2006,6.412713
3/8/2006,6.349852
3/9/2006,6.182547
3/10/2006,6.110983
3/13/2006,6.351787
3/14/2006,6.510387
3/15/2006,6.404977
3/16/2006,6.219297
3/17/2006,6.253143
3/20/2006,6.188351
3/21/2006,5.977528
3/22/2006,5.963988
3/23/2006,5.817958
3/24/2006,5.798617
3/27/2006,5.755097
3/28/2006,5.677732
3/29/2006,6.027814
3/30/2006,6.068432
3/31/2006,6.065531
4/3/2006,6.058761
4/4/2006,5.915631
4/5/2006,6.499749
4/6/2006,6.889483
4/7/2006,6.749257
4/10/2006,6.640945
4/11/2006,6.575183
4/12/2006,6.451395
4/13/2006,6.428185
4/17/2006,6.26765
4/18/2006,6.404009
4/19/2006,6.348886
4/20/2006,6.540367
4/21/2006,6.483309
4/24/2006,6.358556
4/25/2006,6.399174
4/26/2006,6.590656
4/27/2006,6.707672
4/28/2006,6.807281
5/1/2006,6.730883
5/2/2006,6.926232
5/3/2006,6.879813
5/4/2006,6.878847
5/5/2006,6.952344
5/8/2006,6.952344
5/9/2006,6.869175
5/10/2006,6.82759
5/11/2006,6.590656
5/12/2006,6.547135
5/15/2006,6.555841
5/16/2006,6.284091
5/17/2006,6.311169
5/18/2006,6.110015
5/19/2006,6.238637
5/22/2006,6.129358
5/23/2006,6.107115
5/24/2006,6.125489
5/25/2006,6.221229
5/26/2006,6.145797
5/30/2006,5.920468
5/31/2006,5.780241
6/1/2006,6.012341
6/2/2006,5.963021
6/5/2006,5.802485
6/6/2006,5.775407
6/7/2006,5.663225
6/8/2006,5.875983
6/9/2006,5.728987
6/12/2006,5.512361
6/13/2006,5.640981
6/14/2006,5.571352
6/15/2006,5.742525
6/16/2006,5.566516
6/19/2006,5.531703
6/20/2006,5.557814
6/21/2006,5.595529
6/22/2006,5.761868
6/23/2006,5.689336
6/26/2006,5.704809
6/27/2006,5.553946
6/28/2006,5.417586
6/29/2006,5.702876
6/30/2006,5.538472
7/3/2006,5.604233
7/5/2006,5.512361
7/6/2006,5.39341
7/7/2006,5.357627
7/10/2006,5.318944
7/11/2006,5.381804
7/12/2006,5.12166
7/13/2006,5.052998
7/14/2006,4.900198
7/17/2006,5.064602
7/18/2006,5.115857
7/19/2006,5.231907
7/20/2006,5.85084
7/21/2006,5.872114
7/24/2006,5.939809
7/25/2006,5.989131
7/26/2006,6.176744
7/27/2006,6.131291
7/28/2006,6.343083
7/31/2006,6.572282
8/1/2006,6.496849
8/2/2006,6.591624
8/3/2006,6.729915
8/4/2006,6.605162
8/7/2006,6.499749
8/8/2006,6.26475
8/9/2006,6.149667
8/10/2006,6.196086
8/11/2006,6.155469
8/14/2006,6.183514
8/15/2006,6.426252
8/16/2006,6.574215
8/17/2006,6.536499
8/18/2006,6.567445
8/21/2006,6.43689
8/22/2006,6.539398
8/23/2006,6.509419
8/24/2006,6.557775
8/25/2006,6.648681
8/28/2006,6.477506
8/29/2006,6.429154
8/30/2006,6.475573
8/31/2006,6.561644
9/1/2006,6.6129
9/5/2006,6.912694
9/6/2006,6.772466
9/7/2006,7.040348
9/8/2006,7.013269
9/11/2006,7.011336
9/12/2006,7.02391
9/13/2006,7.175739
9/14/2006,7.172837
9/15/2006,7.166068
9/18/2006,7.145761
9/19/2006,7.134154
9/20/2006,7.278249
9/21/2006,7.219257
9/22/2006,7.059689
9/25/2006,7.325636
9/26/2006,7.505515
9/27/2006,7.389465
9/28/2006,7.447489
9/29/2006,7.444587
10/2/2006,7.239565
10/3/2006,7.164134
10/4/2006,7.289855
10/5/2006,7.236665
10/6/2006,7.177674
10/9/2006,7.217323
10/10/2006,7.138023
10/11/2006,7.081933
10/12/2006,7.278249
10/13/2006,7.255041
10/16/2006,7.29179
10/17/2006,7.184443
10/18/2006,7.207653
10/19/2006,7.638973
10/20/2006,7.731812
10/23/2006,7.877841
10/24/2006,7.838191
10/25/2006,7.899117
10/26/2006,7.948437
10/27/2006,7.776296
10/30/2006,7.777263
10/31/2006,7.841092
11/1/2006,7.655413
11/2/2006,7.638003
11/3/2006,7.571276
11/6/2006,7.7086
11/7/2006,7.785969
11/8/2006,7.97358
11/9/2006,8.059649
11/10/2006,8.038374
11/13/2006,8.157327
11/14/2006,8.220184
11/15/2006,8.128314
11/16/2006,8.27918
11/17/2006,8.30239
11/20/2006,8.362347
11/21/2006,8.568336
11/22/2006,8.733706
11/24/2006,8.861363
11/27/2006,8.659243
11/28/2006,8.878769
11/29/2006,8.877802
11/30/2006,8.864263
12/1/2006,8.831382
12/4/2006,8.812038
12/5/2006,8.826546
12/6/2006,8.687285
12/7/2006,8.417474
12/8/2006,8.535454
12/11/2006,8.582842
12/12/2006,8.330435
12/13/2006,8.611853
12/14/2006,8.563501
12/15/2006,8.483232
12/18/2006,8.265638
12/19/2006,8.346874
12/20/2006,8.196977
12/21/2006,8.017098
12/22/2006,7.949402
12/26/2006,7.882675
12/27/2006,7.883642
12/28/2006,7.820783
12/29/2006,8.204712
1/3/2007,8.104136
1/4/2007,8.284014
1/5/2007,8.225021
1/8/2007,8.265638
1/9/2007,8.952269
1/10/2007,9.380682
1/11/2007,9.264633
1/12/2007,9.150517
1/16/2007,9.390354
1/17/2007,9.182431
1/18/2007,8.613789
1/19/2007,8.558665
1/22/2007,8.393294
1/23/2007,8.287881
1/24/2007,8.384591
1/25/2007,8.341071
1/26/2007,8.256936
1/29/2007,8.311094
1/30/2007,8.273376
1/31/2007,8.290784
2/1/2007,8.195042
2/2/2007,8.19601
2/5/2007,8.117675
2/6/2007,8.137982
2/7/2007,8.331403
2/8/2007,8.334301
2/9/2007,8.052882
2/12/2007,8.208582
2/13/2007,8.191176
2/14/2007,8.249201
2/15/2007,8.240496
2/16/2007,8.203746
2/20/2007,8.307223
2/21/2007,8.62636
2/22/2007,8.656341
2/23/2007,8.613789
2/26/2007,8.559633
2/27/2007,8.116711
2/28/2007,8.182469
3/1/2007,8.419406
3/2/2007,8.259837
3/5/2007,8.34784
3/6/2007,8.528687
3/7/2007,8.483232
3/8/2007,8.51031
3/9/2007,8.507407
3/12/2007,8.691155
3/13/2007,8.548993
3/14/2007,8.703729
3/15/2007,8.662144
3/16/2007,8.664078
3/19/2007,8.813007
3/20/2007,8.846855
3/21/2007,9.077986
3/22/2007,9.086693
3/23/2007,9.044139
3/26/2007,9.269467
3/27/2007,9.231753
3/28/2007,9.017061
3/29/2007,9.066382
3/30/2007,8.985149
4/2/2007,9.056712
4/3/2007,9.138915
4/4/2007,9.116671
4/5/2007,9.15632
4/9/2007,9.056712
4/10/2007,9.114736
4/11/2007,8.954203
4/12/2007,8.915516
4/13/2007,8.726936
4/16/2007,8.84202
4/17/2007,8.737573
4/18/2007,8.74241
4/19/2007,8.729837
4/20/2007,8.797532
4/23/2007,9.043171
4/24/2007,9.017061
4/25/2007,9.221116
4/26/2007,9.558628
4/27/2007,9.663071
4/30/2007,9.651466
5/1/2007,9.619553
5/2/2007,9.708524
5/3/2007,9.70949
5/4/2007,9.749143
5/7/2007,10.049903
5/8/2007,10.16015
5/9/2007,10.33616
5/10/2007,10.380643
5/11/2007,10.516036
5/14/2007,10.575994
5/15/2007,10.398052
5/16/2007,10.380643
5/17/2007,10.583732
5/18/2007,10.639823
5/21/2007,10.82937
5/22/2007,10.980235
5/23/2007,10.917375
5/24/2007,10.704617
5/25/2007,10.98797
5/29/2007,11.058568
5/30/2007,11.486016
5/31/2007,11.720055
6/1/2007,11.450237
6/4/2007,11.733588
6/5/2007,11.863177
6/6/2007,11.956988
6/7/2007,11.998569
6/8/2007,12.039188
6/11/2007,11.623343
6/12/2007,11.641719
6/13/2007,11.363199
6/14/2007,11.484084
6/15/2007,11.653321
6/18/2007,12.097211
6/19/2007,11.958922
6/20/2007,11.754869
6/21/2007,11.982131
6/22/2007,11.895092
6/25/2007,11.831263
6/26/2007,11.571119
6/27/2007,11.787747
6/28/2007,11.659124
6/29/2007,11.802256
7/2/2007,11.72682
7/3/2007,12.298366
7/5/2007,12.837996
7/6/2007,12.794477
7/9/2007,12.603966
7/10/2007,12.799314
7/11/2007,12.803182
7/12/2007,12.965651
7/13/2007,13.319605
7/16/2007,13.355383
7/17/2007,13.433718
7/18/2007,13.357322
7/19/2007,13.53913
7/20/2007,13.901786
7/23/2007,13.896953
7/24/2007,13.044954
7/25/2007,13.274151
7/26/2007,14.119378
7/27/2007,13.911456
7/30/2007,13.677423
7/31/2007,12.742256
8/1/2007,13.055592
8/2/2007,13.199688
8/3/2007,12.75096
8/6/2007,13.079767
8/7/2007,13.058489
8/8/2007,12.959846
8/9/2007,12.222933
8/10/2007,12.088511
8/13/2007,12.358325
8/14/2007,11.994703
8/15/2007,11.595296
8/16/2007,11.31968
8/17/2007,11.804186
8/20/2007,11.819662
8/21/2007,12.337049
8/22/2007,12.814788
8/23/2007,12.675526
8/24/2007,13.0846
8/27/2007,12.789644
8/28/2007,12.264519
8/29/2007,12.966619
8/30/2007,13.176477
8/31/2007,13.392133
9/4/2007,13.941435
9/5/2007,13.2258
9/6/2007,13.056559
9/7/2007,12.743224
9/10/2007,13.220963
9/11/2007,13.102978
9/12/2007,13.234501
9/13/2007,13.26835
9/14/2007,13.424047
9/17/2007,13.385363
9/18/2007,13.628104
9/19/2007,13.613598
9/20/2007,13.56911
9/21/2007,13.940468
9/24/2007,14.339873
9/25/2007,14.813745
9/26/2007,14.774095
9/27/2007,14.941399
9/28/2007,14.841789
10/1/2007,15.119341
10/2/2007,15.323395
10/3/2007,15.27214
10/4/2007,15.109668
10/5/2007,15.613522
10/8/2007,16.238247
10/9/2007,16.233421
10/10/2007,16.129942
10/11/2007,15.688951
10/12/2007,16.174423
10/15/2007,16.14831
10/16/2007,16.399752
10/17/2007,16.706318
10/18/2007,16.778854
10/19/2007,16.480991
10/22/2007,16.862019
10/23/2007,18.003176
10/24/2007,17.98093
10/25/2007,17.676302
10/26/2007,17.861982
10/29/2007,17.899696
10/30/2007,18.084415
10/31/2007,18.369699
11/1/2007,18.126963
11/2/2007,18.168547
11/5/2007,18.005112
11/6/2007,18.547644
11/7/2007,18.016716
11/8/2007,16.96937
11/9/2007,15.992616
11/12/2007,14.869829
11/13/2007,16.436502
11/14/2007,16.064178
11/15/2007,15.889138
11/16/2007,16.091257
11/19/2007,15.855286
11/20/2007,16.329157
11/21/2007,16.291445
11/23/2007,16.589304
11/26/2007,16.68601
11/27/2007,16.90554
11/28/2007,17.428728
11/29/2007,17.82233
11/30/2007,17.622145
12/3/2007,17.297209
12/4/2007,17.389078
12/5/2007,17.939348
12/6/2007,18.369699
12/7/2007,18.790379
12/10/2007,18.781675
12/11/2007,18.233341
12/12/2007,18.457705
12/13/2007,18.551512
12/14/2007,18.412249
12/17/2007,17.832968
12/18/2007,17.695644
12/19/2007,17.709183
12/20/2007,18.104715
12/21/2007,18.752665
12/24/2007,19.225567
12/26/2007,19.240074
12/27/2007,19.203323
12/28/2007,19.325176
12/31/2007,19.155935
1/2/2008,18.842602
1/3/2008,18.851307
1/4/2008,17.412287
1/7/2008,17.179222
1/8/2008,16.561258
1/9/2008,17.349422
1/10/2008,17.215971
1/11/2008,16.700514
1/14/2008,17.289471
1/15/2008,16.347532
1/16/2008,15.438476
1/17/2008,15.559364
1/18/2008,15.604819
1/22/2008,15.051647
1/23/2008,13.449194
1/24/2008,13.113613
1/25/2008,12.573018
1/28/2008,12.573018
1/29/2008,12.720983
1/30/2008,12.782872
1/31/2008,13.090408
2/1/2008,12.934709
2/4/2008,12.73162
2/5/2008,12.510158
2/6/2008,11.798387
2/7/2008,11.724886
2/8/2008,12.134929
2/11/2008,12.518862
2/12/2008,12.07497
2/13/2008,12.514024
2/14/2008,12.326411
2/15/2008,12.052728
2/19/2008,11.815793
2/20/2008,11.974393
2/21/2008,11.753901
2/22/2008,11.552746
2/25/2008,11.579824
2/26/2008,11.522768
2/27/2008,11.891223
2/28/2008,12.563346
2/29/2008,12.090444
3/3/2008,11.772271
3/4/2008,12.051763
3/5/2008,12.039188
3/6/2008,11.694907
3/7/2008,11.822563
3/10/2008,11.57499
3/11/2008,12.315773
3/12/2008,12.188118
3/13/2008,12.372832
3/14/2008,12.244212
3/17/2008,12.255816
3/18/2008,12.844766
3/19/2008,12.540138
3/20/2008,12.888286
3/24/2008,13.493679
3/25/2008,13.633903
3/26/2008,14.028475
3/27/2008,13.563308
3/28/2008,13.830223
3/31/2008,13.877611
4/1/2008,14.460756
4/2/2008,14.263474
4/3/2008,14.661911
4/4/2008,14.804071
4/7/2008,15.075824
4/8/2008,14.780865
4/9/2008,14.64547
4/10/2008,14.946234
4/11/2008,14.229627
4/14/2008,14.291521
4/15/2008,14.349547
4/16/2008,14.864031
4/17/2008,14.94043
4/18/2008,15.573868
4/21/2008,16.262432
4/22/2008,15.492631
4/23/2008,15.752779
4/24/2008,16.337864
4/25/2008,16.414259
4/28/2008,16.657001
4/29/2008,16.928749
4/30/2008,16.822371
5/1/2008,17.407457
5/2/2008,17.498358
5/5/2008,17.864883
5/6/2008,18.051525
5/7/2008,17.657928
5/8/2008,17.896795
5/9/2008,17.741095
5/12/2008,18.196592
5/13/2008,18.370663
5/14/2008,18.01285
5/15/2008,18.348423
5/16/2008,18.144367
5/19/2008,17.755604
5/20/2008,17.978031
5/21/2008,17.232416
5/22/2008,17.122164
5/23/2008,17.520603
5/27/2008,18.029284
5/28/2008,18.085377
5/29/2008,18.054428
5/30/2008,18.253645
6/2/2008,17.997374
6/3/2008,17.926777
6/4/2008,17.909372
6/5/2008,18.31941
6/6/2008,17.952885
6/9/2008,17.563152
6/10/2008,17.952885
6/11/2008,17.485788
6/12/2008,16.755644
6/13/2008,16.669565
6/16/2008,17.101858
6/17/2008,17.545748
6/18/2008,17.286566
6/19/2008,17.494488
6/20/2008,16.950022
6/23/2008,16.745974
6/24/2008,16.754671
6/25/2008,17.155046
6/26/2008,16.272099
6/27/2008,16.44908
6/30/2008,16.192799
7/1/2008,16.892971
7/2/2008,16.264366
7/3/2008,16.451977
7/7/2008,16.939388
7/8/2008,17.363934
7/9/2008,16.851383
7/10/2008,17.081547
7/11/2008,16.68988
7/14/2008,16.815599
7/15/2008,16.40556
7/16/2008,16.712122
7/17/2008,16.615414
7/18/2008,15.97134
7/21/2008,16.081585
7/22/2008,15.668645
7/23/2008,16.078684
7/24/2008,15.379481
7/25/2008,15.678316
7/28/2008,14.931727
7/29/2008,15.190907
7/30/2008,15.461688
7/31/2008,15.371749
8/1/2008,15.150287
8/4/2008,14.818576
8/5/2008,15.535182
8/6/2008,15.878499
8/7/2008,15.818543
8/8/2008,16.396854
8/11/2008,16.784651
8/12/2008,17.091219
8/13/2008,17.339762
8/14/2008,17.34169
8/15/2008,16.99548
8/18/2008,16.961628
8/19/2008,16.781757
8/20/2008,17.005152
8/21/2008,16.855251
8/22/2008,17.097023
8/25/2008,16.686979
8/26/2008,16.792391
8/27/2008,16.892
8/28/2008,16.802057
8/29/2008,16.394918
9/2/2008,16.071915
9/3/2008,16.146383
9/4/2008,15.59128
9/5/2008,15.490701
9/8/2008,15.27214
9/9/2008,14.668682
9/10/2008,14.661911
9/11/2008,14.762487
9/12/2008,14.403706
9/15/2008,13.573946
9/16/2008,13.527525
9/17/2008,12.362193
9/18/2008,12.967584
9/19/2008,13.627137
9/22/2008,12.673592
9/23/2008,12.266453
9/24/2008,12.447297
9/25/2008,12.758695
9/26/2008,12.401844
9/29/2008,10.179492
9/30/2008,10.99184
10/1/2008,10.552785
10/2/2008,9.680479
10/3/2008,9.387453
10/6/2008,9.490932
10/7/2008,8.622492
10/8/2008,8.683419
10/9/2008,8.581876
10/10/2008,9.361341
10/13/2008,10.663032
10/14/2008,10.065377
10/15/2008,9.472557
10/16/2008,9.853585
10/17/2008,9.419369
10/20/2008,9.519943
10/21/2008,8.847822
10/22/2008,9.368112
10/23/2008,9.499634
10/24/2008,9.320725
10/27/2008,8.905849
10/28/2008,9.662104
10/29/2008,10.110829
10/30/2008,10.738467
10/31/2008,10.40482
11/3/2008,10.343895
11/4/2008,10.733629
11/5/2008,9.989944
11/6/2008,9.58377
11/7/2008,9.500602
11/10/2008,9.27237
11/11/2008,9.165025
11/12/2008,8.715333
11/13/2008,9.326526
11/14/2008,8.726936
11/17/2008,8.523849
11/18/2008,8.695023
11/19/2008,8.34494
11/20/2008,7.784034
11/21/2008,7.986155
11/24/2008,8.989016
11/25/2008,8.781092
11/26/2008,9.187268
11/28/2008,8.961938
12/1/2008,8.600248
12/2/2008,8.942599
12/3/2008,9.274303
12/4/2008,8.840085
12/5/2008,9.090559
12/8/2008,9.643728
12/9/2008,9.67661
12/10/2008,9.497699
12/11/2008,9.187268
12/12/2008,9.503502
12/15/2008,9.163091
12/16/2008,9.228852
12/17/2008,8.622492
12/18/2008,8.648604
12/19/2008,8.703729
12/22/2008,8.291752
12/23/2008,8.353642
12/24/2008,8.224053
12/26/2008,8.29852
12/29/2008,8.375888
12/30/2008,8.34494
12/31/2008,8.254036
1/2/2009,8.776258
1/5/2009,9.146649
1/6/2009,8.995784
1/7/2009,8.8014
1/8/2009,8.964839
1/9/2009,8.759816
1/12/2009,8.574139
1/13/2009,8.482266
1/14/2009,8.252101
1/15/2009,8.06352
1/16/2009,7.961974
1/20/2009,7.562572
1/21/2009,8.01033
1/22/2009,8.545123
1/23/2009,8.545123
1/26/2009,8.668912
1/27/2009,8.774324
1/28/2009,9.109901
1/29/2009,8.993852
1/30/2009,8.716299
2/2/2009,8.849757
2/3/2009,8.991918
2/4/2009,9.047039
2/5/2009,9.328457
2/6/2009,9.643728
2/9/2009,9.913547
2/10/2009,9.460952
2/11/2009,9.363276
2/12/2009,9.600211
2/13/2009,9.589576
2/17/2009,9.141817
2/18/2009,9.126338
2/19/2009,8.76562
2/20/2009,8.819775
2/23/2009,8.408767
2/24/2009,8.727905
2/25/2009,8.815907
2/26/2009,8.625393
2/27/2009,8.636998
3/2/2009,8.504509
3/3/2009,8.546093
3/4/2009,8.816873
3/5/2009,8.591545
3/6/2009,8.249201
3/9/2009,8.037407
3/10/2009,8.571237
3/11/2009,8.962903
3/12/2009,9.317823
3/13/2009,9.277207
3/16/2009,9.227883
3/17/2009,9.637927
3/18/2009,9.817803
3/19/2009,9.827474
3/20/2009,9.824572
3/23/2009,10.411592
3/24/2009,10.299411
3/25/2009,10.298442
3/26/2009,10.625316
3/27/2009,10.333258
3/30/2009,10.105027
3/31/2009,10.165953
4/1/2009,10.511201
4/2/2009,10.899968
4/3/2009,11.21717
4/6/2009,11.455072
4/7/2009,11.121428
4/8/2009,11.249084
4/9/2009,11.563387
4/13/2009,11.626246
4/14/2009,11.441531
4/15/2009,11.376736
4/16/2009,11.745197
4/17/2009,11.935713
4/20/2009,11.653321
4/21/2009,11.775175
4/22/2009,11.750999
4/23/2009,12.127193
4/24/2009,11.982131
4/27/2009,12.062397
4/28/2009,11.982131
4/29/2009,12.102046
4/30/2009,12.168778
5/1/2009,12.305134
5/4/2009,12.772235
5/5/2009,12.834129
5/6/2009,12.813821
5/7/2009,12.481143
5/8/2009,12.493717
5/11/2009,12.530466
5/12/2009,12.032419
5/13/2009,11.555651
5/14/2009,11.890257
5/15/2009,11.839002
5/18/2009,12.248078
5/19/2009,12.325444
5/20/2009,12.172643
5/21/2009,12.00921
5/22/2009,11.846739
5/26/2009,12.647485
5/27/2009,12.867008
5/28/2009,13.062357
5/29/2009,13.133924
6/1/2009,13.476271
6/2/2009,13.489809
6/3/2009,13.631001
6/4/2009,13.900821
6/5/2009,13.990758
6/8/2009,13.911456
6/9/2009,13.802177
6/10/2009,13.563308
6/11/2009,13.534296
6/12/2009,13.246105
6/15/2009,13.161006
6/16/2009,13.186146
6/17/2009,13.111682
6/18/2009,13.140694
6/19/2009,13.48884
6/22/2009,13.284788
6/23/2009,12.959846
6/24/2009,13.173576
6/25/2009,13.525594
6/26/2009,13.775099
6/29/2009,13.729645
6/30/2009,13.774134
7/1/2009,13.812818
7/2/2009,13.541066
7/6/2009,13.404706
7/7/2009,13.094271
7/8/2009,13.270282
7/9/2009,13.187114
7/10/2009,13.396006
7/13/2009,13.765426
7/14/2009,13.758659
7/15/2009,14.204482
7/16/2009,14.266374
7/17/2009,14.675453
7/20/2009,14.787627
7/21/2009,14.65224
7/22/2009,15.158023
7/23/2009,15.262469
7/24/2009,15.472324
7/27/2009,15.482966
7/28/2009,15.473293
7/29/2009,15.476192
7/30/2009,15.743109
7/31/2009,15.801136
8/3/2009,16.095125
8/4/2009,16.010021
8/5/2009,15.967472
8/6/2009,15.851418
8/7/2009,16.006153
8/10/2009,15.929758
8/11/2009,15.746976
8/12/2009,15.986814
8/13/2009,16.287573
8/14/2009,16.128973
8/17/2009,15.433641
8/18/2009,15.860124
8/19/2009,15.918149
8/20/2009,16.085459
8/21/2009,16.364939
8/24/2009,16.349464
8/25/2009,16.382353
8/26/2009,16.189896
8/27/2009,16.387182
8/28/2009,16.445208
8/31/2009,16.267263
9/1/2009,15.985846
9/2/2009,15.974238
9/3/2009,16.106731
9/4/2009,16.470352
9/8/2009,16.72373
9/9/2009,16.550621
9/10/2009,16.687944
9/11/2009,16.649267
9/14/2009,16.800123
9/15/2009,16.939388
9/16/2009,17.588299
9/17/2009,17.847477
9/18/2009,17.892929
9/21/2009,17.796223
9/22/2009,17.840706
9/23/2009,17.939348
9/24/2009,17.776882
9/25/2009,17.636652
9/28/2009,18.002209
9/29/2009,17.927746
9/30/2009,17.924843
10/1/2009,17.490622
10/2/2009,17.881325
10/5/2009,17.989641
10/6/2009,18.3755
10/7/2009,18.398712
10/8/2009,18.30394
10/9/2009,18.419987
10/12/2009,18.452868
10/13/2009,18.376465
10/14/2009,18.499292
10/15/2009,18.428694
10/16/2009,18.185955
10/19/2009,18.360994
10/20/2009,19.221697
10/21/2009,19.817421
10/22/2009,19.844498
10/23/2009,19.722641
10/26/2009,19.581457
10/27/2009,19.087273
10/28/2009,18.606634
10/29/2009,18.988632
10/30/2009,18.229471
11/2/2009,18.307802
11/3/2009,18.253645
11/4/2009,18.452868
11/5/2009,18.764271
11/6/2009,18.794245
11/9/2009,19.482807
11/10/2009,19.629805
11/11/2009,19.655918
11/12/2009,19.534063
11/13/2009,19.771967
11/16/2009,19.98279
11/17/2009,20.018568
11/18/2009,19.917997
11/19/2009,19.390936
11/20/2009,19.333876
11/23/2009,19.910257
11/24/2009,19.770996
11/25/2009,19.746824
11/27/2009,19.398668
11/30/2009,19.332907
12/1/2009,19.04859
12/2/2009,18.97703
12/3/2009,19.001204
12/4/2009,18.69561
12/7/2009,18.272991
12/8/2009,18.361963
12/9/2009,19.128855
12/10/2009,18.996367
12/11/2009,18.82616
12/14/2009,19.049559
12/15/2009,18.777811
12/16/2009,18.860981
12/17/2009,18.554415
12/18/2009,18.89966
12/21/2009,19.170441
12/22/2009,19.376429
12/23/2009,19.544706
12/24/2009,20.215858
12/28/2009,20.464397
12/29/2009,20.221659
12/30/2009,20.467297
12/31/2009,20.379293
1/4/2010,20.696493
1/5/2010,20.732279
1/6/2010,20.402502
1/7/2010,20.364788
1/8/2010,20.500179
1/11/2010,20.319336
1/12/2010,20.088202
1/13/2010,20.371561
1/14/2010,20.253574
1/15/2010,19.915094
1/19/2010,20.796104
1/20/2010,20.476
1/21/2010,20.122047
1/22/2010,19.124025
1/25/2010,19.638506
1/26/2010,19.916063
1/27/2010,20.103672
1/28/2010,19.272951
1/29/2010,18.573753
2/1/2010,18.831961
2/2/2010,18.941244
2/3/2010,19.267147
2/4/2010,18.572784
2/5/2010,18.902557
2/8/2010,18.77297
2/9/2010,18.973154
2/10/2010,18.869675
2/11/2010,19.212997
2/12/2010,19.378365
2/16/2010,19.67042
2/17/2010,19.588223
2/18/2010,19.624966
2/19/2010,19.50312
2/22/2010,19.382231
2/23/2010,19.057297
2/24/2010,19.405443
2/25/2010,19.535032
2/26/2010,19.788408
3/1/2010,20.211018
3/2/2010,20.197483
3/3/2010,20.2439
3/4/2010,20.377357
3/5/2010,21.174236
3/8/2010,21.186804
3/9/2010,21.567835
3/10/2010,21.743849
3/11/2010,21.807678
3/12/2010,21.914051
3/15/2010,21.647135
3/16/2010,21.706127
3/17/2010,21.674217
3/18/2010,21.72547
3/19/2010,21.49337
3/22/2010,21.73514
3/23/2010,22.084255
3/24/2010,22.181929
3/25/2010,21.918886
3/26/2010,22.329893
3/29/2010,22.473989
3/30/2010,22.808598
3/31/2010,22.726398
4/1/2010,22.820208
4/5/2010,23.063911
4/6/2010,23.165457
4/7/2010,23.267965
4/8/2010,23.205103
4/9/2010,23.383047
4/12/2010,23.431398
4/13/2010,23.444941
4/14/2010,23.76021
4/15/2010,24.072575
4/16/2010,23.925577
4/19/2010,23.893663
4/20/2010,23.65383
4/21/2010,25.068672
4/22/2010,25.769798
4/23/2010,26.19145
4/26/2010,26.06283
4/27/2010,25.341383
4/28/2010,25.298836
4/29/2010,25.979658
4/30/2010,25.24951
5/3/2010,25.758198
5/4/2010,25.016443
5/5/2010,24.756298
5/6/2010,23.814365
5/7/2010,22.809572
5/10/2010,24.562885
5/11/2010,24.807554
5/12/2010,25.34622
5/13/2010,24.985498
5/14/2010,24.546446
5/17/2010,24.585127
5/18/2010,24.405256
5/19/2010,24.016483
5/20/2010,22.993319
5/21/2010,23.434292
5/24/2010,23.863684
5/25/2010,23.714752
5/26/2010,23.607407
5/27/2010,24.50099
5/28/2010,24.842371
6/1/2010,25.224365
6/2/2010,25.526098
6/3/2010,25.445831
6/4/2010,24.753403
6/7/2010,24.267925
6/8/2010,24.112225
6/9/2010,23.519402
6/10/2010,24.226339
6/11/2010,24.516464
6/14/2010,24.590931
6/15/2010,25.114126
6/16/2010,25.845232
6/17/2010,26.292021
6/18/2010,26.504786
6/21/2010,26.127619
6/22/2010,26.483511
6/23/2010,26.204983
6/24/2010,26.014471
6/25/2010,25.792046
6/28/2010,25.946781
6/29/2010,24.773706
6/30/2010,24.324986
7/1/2010,24.030027
7/2/2010,23.881092
7/6/2010,24.044535
7/7/2010,25.01548
7/8/2010,24.959379
7/9/2010,25.107355
7/12/2010,24.882019
7/13/2010,24.351084
7/14/2010,24.441027
7/15/2010,24.317242
7/16/2010,24.167347
7/19/2010,23.749567
7/20/2010,24.359797
7/21/2010,24.587063
7/22/2010,25.049328
7/23/2010,25.138302
7/26/2010,25.074474
7/27/2010,25.538671
7/28/2010,25.236944
7/29/2010,24.961323
7/30/2010,24.878157
8/2/2010,25.323013
8/3/2010,25.330748
8/4/2010,25.432289
8/5/2010,25.308504
8/6/2010,25.152805
8/9/2010,25.313343
8/10/2010,25.08704
8/11/2010,24.195393
8/12/2010,24.350124
8/13/2010,24.089981
8/16/2010,23.948786
8/17/2010,24.367537
8/18/2010,24.473919
8/19/2010,24.165415
8/20/2010,24.142208
8/23/2010,23.770842
8/24/2010,23.203169
8/25/2010,23.489422
8/26/2010,23.237013
8/27/2010,23.366608
8/30/2010,23.451712
8/31/2010,23.509737
9/1/2010,24.208933
9/2/2010,24.386875
9/3/2010,25.02515
9/7/2010,24.93231
9/8/2010,25.426485
9/9/2010,25.44099
9/10/2010,25.473871
9/13/2010,25.824923
9/14/2010,25.923563
9/15/2010,26.13246
9/16/2010,26.74655
9/17/2010,26.630501
9/20/2010,27.390631
9/21/2010,27.442846
9/22/2010,27.827751
9/23/2010,27.940895
9/24/2010,28.269703
9/27/2010,28.157522
9/28/2010,27.74168
9/29/2010,27.791
9/30/2010,27.440912
10/1/2010,27.321964
10/4/2010,26.946741
10/5/2010,27.942829
10/6/2010,27.967009
10/7/2010,27.969906
10/8/2010,28.438946
10/11/2010,28.5637
10/12/2010,28.871233
10/13/2010,29.02597
10/14/2010,29.235823
10/15/2010,30.437901
10/18/2010,30.75316
10/19/2010,29.930185
10/20/2010,30.030758
10/21/2010,29.933086
10/22/2010,29.734837
10/25/2010,29.867323
10/26/2010,29.790922
10/27/2010,29.769648
10/28/2010,29.519169
10/29/2010,29.107191
11/1/2010,29.416668
11/2/2010,29.917614
11/3/2010,30.250286
11/4/2010,30.77928
11/5/2010,30.669037
11/8/2010,30.813122
11/9/2010,30.567488
11/10/2010,30.756073
11/11/2010,30.622614
11/12/2010,29.788988
11/15/2010,29.693251
11/16/2010,29.166182
11/17/2010,29.06078
11/18/2010,29.827673
11/19/2010,29.663261
11/22/2010,30.304449
11/23/2010,29.856676
11/24/2010,30.443701
11/26/2010,30.463043
11/29/2010,30.643888
11/30/2010,30.090719
12/1/2010,30.598429
12/2/2010,30.767668
12/3/2010,30.699011
12/6/2010,30.961086
12/7/2010,30.773476
12/8/2010,31.044254
12/9/2010,30.923376
12/10/2010,31.000738
12/13/2010,31.108082
12/14/2010,30.974625
12/15/2010,30.981401
12/16/2010,31.067472
12/17/2010,31.005581
12/20/2010,31.160311
12/21/2010,31.352764
12/22/2010,31.445597
12/23/2010,31.294731
12/27/2010,31.399181
12/28/2010,31.475584
12/29/2010,31.45817
12/30/2010,31.300533
12/31/2010,31.194164
1/3/2011,31.872087
1/4/2011,32.038425
1/5/2011,32.300491
1/6/2011,32.27438
1/7/2011,32.505524
1/10/2011,33.11768
1/11/2011,33.039349
1/12/2011,33.308197
1/13/2011,33.430058
1/14/2011,33.700829
1/18/2011,32.943604
1/19/2011,32.768566
1/20/2011,32.172844
1/21/2011,31.596466
1/24/2011,32.63414
1/25/2011,33.016144
1/26/2011,33.253075
1/27/2011,33.191177
1/28/2011,32.503578
1/31/2011,32.814983
2/1/2011,33.367184
2/2/2011,33.298534
2/3/2011,33.213428
2/4/2011,33.509342
2/7/2011,34.029629
2/8/2011,34.350712
2/9/2011,34.636971
2/10/2011,34.286888
2/11/2011,34.510273
2/14/2011,34.735603
2/15/2011,34.805237
2/16/2011,35.117607
2/17/2011,34.650501
2/18/2011,33.901981
2/22/2011,32.746319
2/23/2011,33.134125
2/24/2011,33.159271
2/25/2011,33.669895
2/28/2011,34.158264
3/1/2011,33.781101
3/2/2011,34.052853
3/3/2011,34.772362
3/4/2011,34.814915
3/7/2011,34.36618
3/8/2011,34.404865
3/9/2011,34.086693
3/10/2011,33.525787
3/11/2011,34.040283
3/14/2011,34.192108
3/15/2011,33.405872
3/16/2011,31.914639
3/17/2011,32.362385
3/18/2011,31.978468
3/21/2011,32.813061
3/22/2011,32.996803
3/23/2011,32.802418
3/24/2011,33.361393
3/25/2011,33.996754
3/28/2011,33.890373
3/29/2011,33.940662
3/30/2011,33.71534
3/31/2011,33.703739
4/1/2011,33.321739
4/4/2011,32.995827
4/5/2011,32.773392
4/6/2011,32.691193
4/7/2011,32.695065
4/8/2011,32.403011
4/11/2011,31.991028
4/12/2011,32.145763
4/13/2011,32.506481
4/14/2011,32.147697
4/15/2011,31.668026
4/18/2011,32.092575
4/19/2011,32.67379
4/20/2011,33.113815
4/21/2011,33.91552
4/25/2011,34.138924
4/26/2011,33.888447
4/27/2011,33.862331
4/28/2011,33.533527
4/29/2011,33.860397
5/2/2011,33.488071
5/3/2011,33.673759
5/4/2011,33.80624
5/5/2011,33.533527
5/6/2011,33.524822
5/9/2011,33.615723
5/10/2011,33.794643
5/11/2011,33.579941
5/12/2011,33.516109
5/13/2011,32.9291
5/16/2011,32.232796
5/17/2011,32.507458
5/18/2011,32.868176
5/19/2011,32.931999
5/20/2011,32.418484
5/23/2011,32.33918
5/24/2011,32.125458
5/25/2011,32.56934
5/26/2011,32.397213
5/27/2011,32.630272
5/31/2011,33.63797
6/1/2011,33.413605
6/2/2011,33.470676
6/3/2011,33.213428
6/6/2011,32.691193
6/7/2011,32.11095
6/8/2011,32.130283
6/9/2011,32.057766
6/10/2011,31.517162
6/13/2011,31.584856
6/14/2011,32.149628
6/15/2011,31.599361
6/16/2011,31.445597
6/17/2011,30.971725
6/20/2011,30.49398
6/21/2011,31.459139
6/22/2011,31.198994
6/23/2011,32.032619
6/24/2011,31.560675
6/27/2011,32.11095
6/28/2011,32.422352
6/29/2011,32.304359
6/30/2011,32.462002
7/1/2011,33.196014
7/5/2011,33.792706
7/6/2011,34.018036
7/7/2011,34.544117
7/8/2011,34.786854
7/11/2011,34.234661
7/12/2011,34.21048
7/13/2011,34.623417
7/14/2011,34.599255
7/15/2011,35.29071
7/18/2011,36.149475
7/19/2011,36.444435
7/20/2011,37.416355
7/21/2011,37.454082
7/22/2011,38.035282
7/25/2011,38.53817
7/26/2011,39.013004
7/27/2011,37.966629
7/28/2011,37.892162
7/29/2011,37.762566
8/1/2011,38.368927
8/2/2011,37.610733
8/3/2011,37.964691
8/4/2011,36.494724
8/5/2011,36.132069
8/8/2011,34.158264
8/9/2011,36.169788
8/10/2011,35.171764
8/11/2011,36.139805
8/12/2011,36.457977
8/15/2011,37.07885
8/16/2011,36.79549
8/17/2011,36.791618
8/18/2011,35.399994
8/19/2011,34.430969
8/22/2011,34.470623
8/23/2011,36.130146
8/24/2011,36.379642
8/25/2011,36.141747
8/26/2011,37.095287
8/29/2011,37.713242
8/30/2011,37.715183
8/31/2011,37.216175
9/1/2011,36.848671
9/2/2011,36.173656
9/6/2011,36.723927
9/7/2011,37.129128
9/8/2011,37.149448
9/9/2011,36.505352
9/12/2011,36.743263
9/13/2011,37.195854
9/14/2011,37.648449
9/15/2011,38.002407
9/16/2011,38.73159
9/19/2011,39.807945
9/20/2011,39.983952
9/21/2011,39.857265
9/22/2011,38.859249
9/23/2011,39.099064
9/26/2011,38.989799
9/27/2011,38.611664
9/28/2011,38.39407
9/29/2011,37.771275
9/30/2011,36.876728
10/3/2011,36.226849
10/4/2011,36.023754
10/5/2011,36.579826
10/6/2011,36.494724
10/7/2011,35.76265
10/10/2011,37.601063
10/11/2011,38.711277
10/12/2011,38.895023
10/13/2011,39.498478
10/14/2011,40.81081
10/17/2011,40.616421
10/18/2011,40.834023
10/19/2011,38.54977
10/20/2011,38.229656
10/21/2011,37.993706
10/24/2011,39.241238
10/25/2011,38.467571
10/26/2011,38.741261
10/27/2011,39.136787
10/28/2011,39.161938
10/31/2011,39.1455
11/1/2011,38.345722
11/2/2011,38.432758
11/3/2011,38.980118
11/4/2011,38.70644
11/7/2011,38.657127
11/8/2011,39.285725
11/9/2011,38.226772
11/10/2011,37.25388
11/11/2011,37.195854
11/14/2011,36.677509
11/15/2011,37.603004
11/16/2011,37.210361
11/17/2011,36.498611
11/18/2011,36.259727
11/21/2011,35.686245
11/22/2011,36.411564
11/23/2011,35.490906
11/25/2011,35.160156
11/28/2011,36.373844
11/29/2011,36.091457
11/30/2011,36.961819
12/1/2011,37.515961
12/2/2011,37.687134
12/5/2011,38.007248
12/6/2011,37.808014
12/7/2011,37.628132
12/8/2011,37.779972
12/9/2011,38.066238
12/12/2011,37.894093
12/13/2011,37.601063
12/14/2011,36.767441
12/15/2011,36.646553
12/16/2011,36.84771
12/19/2011,36.962795
12/20/2011,38.291569
12/21/2011,38.33992
12/22/2011,38.543007
12/23/2011,39.005264
12/27/2011,39.314739
12/28/2011,38.938545
12/29/2011,39.178375
12/30/2011,39.166779
1/3/2012,39.769264
1/4/2012,39.98299
1/5/2012,40.426876
1/6/2012,40.849491
1/9/2012,40.784691
1/10/2012,40.930733
1/11/2012,40.863998
1/12/2012,40.751816
1/13/2012,40.599018
1/17/2012,41.071915
1/18/2012,41.498398
1/19/2012,41.366879
1/20/2012,40.646404
1/23/2012,41.334
1/24/2012,40.657047
1/25/2012,43.195625
1/26/2012,42.999313
1/27/2012,43.255596
1/30/2012,43.809715
1/31/2012,44.145302
2/1/2012,44.117256
2/2/2012,44.013775
2/3/2012,44.454769
2/6/2012,44.869652
2/7/2012,45.339649
2/8/2012,46.098801
2/9/2012,47.693527
2/10/2012,47.717701
2/13/2012,48.605473
2/14/2012,49.268894
2/15/2012,48.128704
2/16/2012,48.567768
2/17/2012,48.559055
2/21/2012,49.790154
2/22/2012,49.615108
2/23/2012,49.939079
2/24/2012,50.521259
2/27/2012,50.845245
2/28/2012,51.778473
2/29/2012,52.458332
3/1/2012,52.654652
3/2/2012,52.723312
3/5/2012,51.560883
3/6/2012,51.280418
3/7/2012,51.322006
3/8/2012,52.414803
3/9/2012,52.722347
3/12/2012,53.382858
3/13/2012,54.939865
3/14/2012,57.017155
3/15/2012,56.628376
3/16/2012,56.629353
3/19/2012,58.131226
3/20/2012,58.601227
3/21/2012,58.266613
3/22/2012,57.961025
3/23/2012,57.64286
3/26/2012,58.699856
3/27/2012,59.425175
3/28/2012,59.728844
3/29/2012,58.978386
3/30/2012,57.981327
4/2/2012,59.826511
4/3/2012,60.860321
4/4/2012,60.375832
4/5/2012,61.281975
4/9/2012,61.52858
4/10/2012,60.775227
4/11/2012,60.558601
4/12/2012,60.226887
4/13/2012,58.53064
4/16/2012,56.103264
4/17/2012,58.96291
4/18/2012,58.831383
4/19/2012,56.810188
4/20/2012,55.411781
4/23/2012,55.288006
4/24/2012,54.183609
4/25/2012,58.991924
4/26/2012,58.769508
4/27/2012,58.314972
4/30/2012,56.475586
5/1/2012,56.29668
5/2/2012,56.668999
5/3/2012,56.266693
5/4/2012,54.664246
5/7/2012,55.073318
5/8/2012,54.947582
5/9/2012,55.044308
5/10/2012,55.173878
5/11/2012,54.805424
5/14/2012,53.984375
5/15/2012,53.496014
5/16/2012,52.810341
5/17/2012,51.26688
5/18/2012,51.292034
5/21/2012,54.280315
5/22/2012,53.863503
5/23/2012,55.177753
5/24/2012,54.671013
5/25/2012,54.377983
5/29/2012,55.343136
5/30/2012,56.010418
5/31/2012,55.871166
6/1/2012,54.252254
6/4/2012,54.571404
6/5/2012,54.43021
6/6/2012,55.264805
6/7/2012,55.28994
6/8/2012,56.121635
6/11/2012,55.236752
6/12/2012,55.719334
6/13/2012,55.332497
6/14/2012,55.271564
6/15/2012,55.522999
6/18/2012,56.649654
6/19/2012,56.807301
6/20/2012,56.645786
6/21/2012,55.865345
6/22/2012,56.293774
6/25/2012,55.198074
6/26/2012,55.319916
6/27/2012,55.5588
6/28/2012,55.031734
6/29/2012,56.477512
7/2/2012,57.301468
7/3/2012,57.967781
7/5/2012,58.986118
7/6/2012,58.593494
7/9/2012,59.368118
7/10/2012,58.818813
7/11/2012,58.45327
7/12/2012,57.918476
7/13/2012,58.505486
7/16/2012,58.693089
7/17/2012,58.696003
7/18/2012,58.630234
7/19/2012,59.409706
7/20/2012,58.440685
7/23/2012,58.395226
7/24/2012,58.113811
7/25/2012,55.604248
7/26/2012,55.595539
7/27/2012,56.589703
7/30/2012,57.544212
7/31/2012,59.065426
8/1/2012,58.683437
8/2/2012,58.778202
8/3/2012,59.543167
8/6/2012,60.205616
8/7/2012,60.047009
8/8/2012,59.945457
8/9/2012,61.881474
8/10/2012,61.978176
8/13/2012,62.805603
8/14/2012,62.974106
8/15/2012,62.888348
8/16/2012,63.437672
8/17/2012,64.611038
8/20/2012,66.309761
8/21/2012,65.403557
8/22/2012,66.680618
8/23/2012,66.058533
8/24/2012,66.117378
8/27/2012,67.359528
8/28/2012,67.271805
8/29/2012,67.139198
8/30/2012,66.182175
8/31/2012,66.318748
9/4/2012,67.288727
9/5/2012,66.816208
9/6/2012,67.418343
9/7/2012,67.834045
9/10/2012,66.069496
9/11/2012,65.855186
9/12/2012,66.772331
9/13/2012,68.087257
9/14/2012,68.914711
9/17/2012,69.762085
9/18/2012,69.974426
9/19/2012,69.993362
9/20/2012,69.654419
9/21/2012,69.793007
9/24/2012,68.86586
9/25/2012,67.146172
9/26/2012,66.312752
9/27/2012,67.921783
9/28/2012,66.504158
10/1/2012,65.73555
10/2/2012,65.926949
10/3/2012,66.937828
10/4/2012,66.474251
10/5/2012,65.057655
10/8/2012,63.620106
10/9/2012,63.388824
10/10/2012,63.893253
10/11/2012,62.616199
10/12/2012,62.776707
10/15/2012,63.280163
10/16/2012,64.778511
10/17/2012,64.262115
10/18/2012,63.06879
10/19/2012,60.79583
10/22/2012,63.207367
10/23/2012,61.146751
10/24/2012,61.492683
10/25/2012,60.765934
10/26/2012,60.213634
10/31/2012,59.34832
11/1/2012,59.469944
11/2/2012,57.502033
11/5/2012,58.28162
11/6/2012,58.105164
11/7/2012,57.456463
11/8/2012,55.371349
11/9/2012,56.329979
11/12/2012,55.894417
11/13/2012,55.901646
11/14/2012,55.281765
11/15/2012,54.122337
11/16/2012,54.334457
11/19/2012,58.252415
11/20/2012,57.756104
11/21/2012,57.837444
11/23/2012,58.846531
11/26/2012,60.70306
11/27/2012,60.213966
11/28/2012,60.024498
11/29/2012,60.685558
11/30/2012,60.26545
12/3/2012,60.359154
12/4/2012,59.294453
12/5/2012,55.478436
12/6/2012,56.348511
12/7/2012,54.90799
12/10/2012,54.554806
12/11/2012,55.746155
12/12/2012,55.500069
12/13/2012,54.54142
12/14/2012,52.492355
12/17/2012,53.423187
12/18/2012,54.974922
12/19/2012,54.19339
12/20/2012,53.721798
12/21/2012,53.474663
12/24/2012,53.561169
12/26/2012,52.822868
12/27/2012,53.034992
12/28/2012,52.471752
12/31/2012,54.796783
1/2/2013,56.532833
1/3/2013,55.819256
1/4/2013,54.264439
1/7/2013,53.94524
1/8/2013,54.090424
1/9/2013,53.245052
1/10/2013,53.905075
1/11/2013,53.574554
1/14/2013,51.664474
1/15/2013,50.034496
1/16/2013,52.11137
1/17/2013,51.760242
1/18/2013,51.484287
1/22/2013,51.975445
1/23/2013,52.926884
1/24/2013,46.387341
1/25/2013,45.293816
1/28/2013,46.318348
1/29/2013,47.187405
1/30/2013,47.039143
1/31/2013,46.901154
2/1/2013,46.708603
2/4/2013,45.545055
2/5/2013,47.143135
2/6/2013,47.092674
2/7/2013,50.250072
2/8/2013,50.975567
2/11/2013,51.506813
2/12/2013,50.215736
2/13/2013,50.120209
2/14/2013,50.075142
2/15/2013,49.385067
2/19/2013,49.366829
2/20/2013,48.171265
2/21/2013,47.871834
2/22/2013,48.381615
2/25/2013,47.521954
2/26/2013,48.184139
2/27/2013,47.711926
2/28/2013,47.371716
3/1/2013,46.198692
3/4/2013,45.080402
3/5/2013,46.270596
3/6/2013,45.682476
3/7/2013,46.210495
3/8/2013,46.332844
3/11/2013,46.992863
3/12/2013,45.979752
3/13/2013,45.971157
3/14/2013,46.416542
3/15/2013,47.614262
3/18/2013,48.908558
3/19/2013,48.776543
3/20/2013,48.517902
3/21/2013,48.587666
3/22/2013,49.572872
3/25/2013,49.752098
3/26/2013,49.490242
3/27/2013,48.517902
3/28/2013,47.506943
4/1/2013,46.031269
4/2/2013,46.12571
4/3/2013,46.361816
4/4/2013,45.903553
4/5/2013,45.418461
4/8/2013,45.741501
4/9/2013,45.824142
4/10/2013,46.758904
4/11/2013,46.612953
4/12/2013,46.126785
4/15/2013,45.058937
4/16/2013,45.74472
4/17/2013,43.229103
4/18/2013,42.075397
4/19/2013,41.91227
4/22/2013,42.78587
4/23/2013,43.586483
4/24/2013,43.514576
4/25/2013,43.827953
4/26/2013,44.774532
4/29/2013,46.161125
4/30/2013,47.519817
5/1/2013,47.14526
5/2/2013,47.813877
5/3/2013,48.29253
5/6/2013,49.444092
5/7/2013,49.224079
5/8/2013,49.780014
5/9/2013,51.386501
5/10/2013,50.959003
5/13/2013,51.158127
5/14/2013,49.934139
5/15/2013,48.245518
5/16/2013,48.890141
5/17/2013,48.741634
5/20/2013,49.829506
5/21/2013,49.461632
5/22/2013,49.65176
5/23/2013,49.740639
5/24/2013,50.079258
5/28/2013,49.661888
5/29/2013,50.056763
5/30/2013,50.80262
5/31/2013,50.594505
6/3/2013,50.705879
6/4/2013,50.547253
6/5/2013,50.074749
6/6/2013,49.32663
6/7/2013,49.703495
6/10/2013,49.375011
6/11/2013,49.229885
6/12/2013,48.621258
6/13/2013,49.045383
6/14/2013,48.380501
6/17/2013,48.599888
6/18/2013,48.574013
6/19/2013,47.587383
6/20/2013,46.894386
6/21/2013,46.518639
6/24/2013,45.285645
6/25/2013,45.295761
6/26/2013,44.782761
6/27/2013,44.300152
6/28/2013,44.60952
7/1/2013,46.037144
7/2/2013,47.080013
7/3/2013,47.339897
7/5/2013,46.959633
7/8/2013,46.693024
7/9/2013,47.514259
7/10/2013,47.332016
7/11/2013,48.070007
7/12/2013,47.982258
7/15/2013,48.086895
7/16/2013,48.397388
7/17/2013,48.40976
7/18/2013,48.572884
7/19/2013,47.806759
7/22/2013,47.959751
7/23/2013,47.136261
7/24/2013,49.557259
7/25/2013,49.331131
7/26/2013,49.611259
7/29/2013,50.376263
7/30/2013,50.998383
7/31/2013,50.909496
8/1/2013,51.376381
8/2/2013,52.035625
8/5/2013,52.812996
8/6/2013,52.3405
8/7/2013,52.310131
8/8/2013,54.359474
8/9/2013,53.585949
8/12/2013,55.108223
8/13/2013,57.727097
8/14/2013,58.780064
8/15/2013,58.710487
8/16/2013,59.231678
8/19/2013,59.869579
8/20/2013,59.083099
8/21/2013,59.235214
8/22/2013,59.305954
8/23/2013,59.077213
8/26/2013,59.307129
8/27/2013,57.611534
8/28/2013,57.883915
8/29/2013,57.978252
8/30/2013,57.449997
9/3/2013,57.610352
9/4/2013,58.80246
9/5/2013,58.3992
9/6/2013,58.74704
9/9/2013,59.684471
9/10/2013,58.324917
9/11/2013,55.14949
9/12/2013,55.736706
9/13/2013,54.818153
9/16/2013,53.075386
9/17/2013,53.688541
9/18/2013,54.79221
9/19/2013,55.690716
9/20/2013,55.114117
9/23/2013,57.85326
9/24/2013,57.671673
9/25/2013,56.77906
9/26/2013,57.332073
9/27/2013,56.922916
9/30/2013,56.215424
10/1/2013,57.537251
10/2/2013,57.72591
10/3/2013,57.00074
10/4/2013,56.955944
10/7/2013,57.512489
10/8/2013,56.709492
10/9/2013,57.375713
10/10/2013,57.735344
10/11/2013,58.109135
10/14/2013,58.489994
10/15/2013,58.801285
10/16/2013,59.087814
10/17/2013,59.487545
10/18/2013,60.005184
10/21/2013,61.475567
10/22/2013,61.29987
10/23/2013,61.900055
10/24/2013,62.71957
10/25/2013,62.017982
10/28/2013,62.480202
10/29/2013,60.923729
10/30/2013,61.892994
10/31/2013,61.633568
11/1/2013,61.318752
11/4/2013,62.111134
11/5/2013,61.957836
11/6/2013,64.025131
11/7/2013,62.989044
11/8/2013,63.980896
11/11/2013,63.795311
11/12/2013,63.913284
11/13/2013,63.98951
11/14/2013,64.915001
11/15/2013,64.525375
11/18/2013,63.743679
11/19/2013,63.85675
11/20/2013,63.297546
11/21/2013,64.052185
11/22/2013,63.887493
11/25/2013,64.371765
11/26/2013,65.559044
11/27/2013,67.102768
11/29/2013,68.34536
12/2/2013,67.750488
12/3/2013,69.605171
12/4/2013,69.442917
12/5/2013,69.799377
12/6/2013,68.830841
12/9/2013,69.618683
12/10/2013,69.510536
12/11/2013,68.995529
12/12/2013,68.894753
12/13/2013,68.143784
12/16/2013,68.521141
12/17/2013,68.212624
12/18/2013,67.693947
12/19/2013,66.918411
12/20/2013,67.478859
12/23/2013,70.068535
12/24/2013,69.77108
12/26/2013,69.307716
12/27/2013,68.839447
12/30/2013,68.154846
12/31/2013,68.953743
1/2/2014,67.984016
1/3/2014,66.490685
1/6/2014,66.853249
1/7/2014,66.375145
1/8/2014,66.795509
1/9/2014,65.942513
1/10/2014,65.50251
1/13/2014,65.845413
1/14/2014,67.155609
1/15/2014,68.503906
1/16/2014,68.121674
1/17/2014,66.452576
1/21/2014,67.485001
1/22/2014,67.784882
1/23/2014,68.358871
1/24/2014,67.116272
1/27/2014,67.660751
1/28/2014,62.252819
1/29/2014,61.546089
1/30/2014,61.426872
1/31/2014,61.527653
2/3/2014,61.641956
2/4/2014,62.534294
2/5/2014,63.00132
2/6/2014,65.729195
2/7/2014,66.64875
2/10/2014,67.842743
2/11/2014,68.736633
2/12/2014,68.731514
2/13/2014,69.822906
2/14/2014,69.76651
2/18/2014,70.022995
2/19/2014,68.917488
2/20/2014,68.119759
2/21/2014,67.363091
2/24/2014,67.658081
2/25/2014,66.953979
2/26/2014,66.349915
2/27/2014,67.673462
2/28/2014,67.490059
3/3/2014,67.684998
3/4/2014,68.13131
3/5/2014,68.274956
3/6/2014,68.068459
3/7/2014,68.028717
3/10/2014,68.090263
3/11/2014,68.753296
3/12/2014,68.820023
3/13/2014,68.055641
3/14/2014,67.291275
3/17/2014,67.554192
3/18/2014,68.15184
3/19/2014,68.133865
3/20/2014,67.805557
3/21/2014,68.340347
3/24/2014,69.150902
3/25/2014,69.894737
3/26/2014,69.22657
3/27/2014,68.929016
3/28/2014,68.852074
3/31/2014,68.836693
4/1/2014,69.466385
4/2/2014,69.581795
4/3/2014,69.099594
4/4/2014,68.205704
4/7/2014,67.134804
4/8/2014,67.130959
4/9/2014,68.013313
4/10/2014,67.136108
4/11/2014,66.639763
4/14/2014,66.905251
4/15/2014,66.428162
4/16/2014,66.56282
4/17/2014,67.323341
4/21/2014,68.12233
4/22/2014,68.1903
4/23/2014,67.298973
4/24/2014,72.816269
4/25/2014,73.351059
4/28/2014,76.191788
4/29/2014,75.966095
4/30/2014,75.678802
5/1/2014,75.857063
5/2/2014,75.998154
5/5/2014,77.072868
5/6/2014,76.232849
5/7/2014,75.966095
5/8/2014,78.460022
5/9/2014,78.13311
5/12/2014,79.105858
5/13/2014,79.229965
5/14/2014,79.244629
5/15/2014,78.570778
5/16/2014,79.73037
5/19/2014,80.675102
5/20/2014,80.691116
5/21/2014,80.904617
5/22/2014,81.032692
5/23/2014,81.948097
5/27/2014,83.48262
5/28/2014,83.266472
5/29/2014,84.783646
5/30/2014,84.466072
6/2/2014,83.88562
6/3/2014,85.071877
6/4/2014,86.043304
6/5/2014,86.38089
6/6/2014,86.143372
6/9/2014,87.521774
6/10/2014,88.035522
6/11/2014,87.671242
6/12/2014,86.20475
6/13/2014,85.261345
6/16/2014,86.120667
6/17/2014,86.008591
6/18/2014,86.102005
6/19/2014,85.803108
6/20/2014,84.915749
6/23/2014,84.840996
6/24/2014,84.327286
6/25/2014,84.402016
6/26/2014,84.906403
6/27/2014,85.915199
6/30/2014,86.802567
7/1/2014,87.353638
7/2/2014,87.316299
7/3/2014,87.830032
7/7/2014,89.64212
7/8/2014,89.062981
7/9/2014,89.100349
7/10/2014,88.773422
7/11/2014,88.941559
7/14/2014,90.090462
7/15/2014,89.034958
7/16/2014,88.530579
7/17/2014,86.951996
7/18/2014,88.203636
7/21/2014,87.745972
7/22/2014,88.474541
7/23/2014,90.781677
7/24/2014,90.632233
7/25/2014,91.230019
7/28/2014,92.490997
7/29/2014,91.893211
7/30/2014,91.67836
7/31/2014,89.296494
8/1/2014,89.791557
8/4/2014,89.287148
8/5/2014,88.84816
8/6/2014,88.698708
8/7/2014,88.689323
8/8/2014,88.93338
8/11/2014,90.10675
8/12/2014,90.087997
8/13/2014,91.280159
8/14/2014,91.524223
8/15/2014,91.974808
8/18/2014,93.082481
8/19/2014,94.368507
8/20/2014,94.406067
8/21/2014,94.415451
8/22/2014,95.1101
8/25/2014,95.316612
8/26/2014,94.706451
8/27/2014,95.870453
8/28/2014,95.983078
8/29/2014,96.217773
9/2/2014,96.968727
9/3/2014,92.875954
9/4/2014,92.106224
9/5/2014,92.904121
9/8/2014,92.33152
9/9/2014,91.984192
9/10/2014,94.8097
9/11/2014,95.213348
9/12/2014,95.42926
9/15/2014,95.401093
9/16/2014,94.678284
9/17/2014,95.354164
9/18/2014,95.551292
9/19/2014,94.772141
9/22/2014,94.866035
9/23/2014,96.34919
9/24/2014,95.513741
9/25/2014,91.871544
9/26/2014,94.575012
9/29/2014,93.974258
9/30/2014,94.575012
10/1/2014,93.101265
10/2/2014,93.77713
10/3/2014,93.514275
10/6/2014,93.514275
10/7/2014,92.697601
10/8/2014,94.621971
10/9/2014,94.828468
10/10/2014,94.556252
10/13/2014,93.692642
10/14/2014,92.697601
10/15/2014,91.561768
10/16/2014,90.360229
10/17/2014,91.683792
10/20/2014,93.645706
10/21/2014,96.189606
10/22/2014,96.677719
10/23/2014,98.404984
10/24/2014,98.771049
10/27/2014,98.667801
10/28/2014,100.197884
10/29/2014,100.761108
10/30/2014,100.423187
10/31/2014,101.380669
11/3/2014,102.69487
11/4/2014,101.943901
11/5/2014,102.187965
11/6/2014,102.480217
11/7/2014,102.772491
11/10/2014,102.602768
11/11/2014,103.423004
11/12/2014,104.884315
11/13/2014,106.364471
11/14/2014,107.646667
11/17/2014,107.467529
11/18/2014,108.862846
11/19/2014,108.10862
11/20/2014,109.65477
11/21/2014,109.805626
11/24/2014,111.842026
11/25/2014,110.870972
11/26/2014,112.190865
11/28/2014,112.124863
12/1/2014,108.485748
12/2/2014,108.070908
12/3/2014,109.296516
12/4/2014,108.881706
12/5/2014,108.419731
12/8/2014,105.968506
12/9/2014,107.590111
12/10/2014,105.544258
12/11/2014,105.233162
12/12/2014,103.451302
12/15/2014,102.037148
12/16/2014,100.641792
12/17/2014,103.149605
12/18/2014,106.204208
12/19/2014,105.38398
12/22/2014,106.477615
12/23/2014,106.10051
12/24/2014,105.600815
12/26/2014,107.467529
12/29/2014,107.392105
12/30/2014,106.081635
12/31/2014,104.064095
1/2/2015,103.074188
1/5/2015,100.170403
1/6/2015,100.179832
1/7/2015,101.584587
1/8/2015,105.487694
1/9/2015,105.600815
1/12/2015,102.998756
1/13/2015,103.913254
1/14/2015,103.517303
1/15/2015,100.707787
1/16/2015,99.925301
1/20/2015,102.499077
1/21/2015,103.281609
1/22/2015,105.968506
1/23/2015,106.515327
1/26/2015,106.628448
1/27/2015,102.89505
1/28/2015,108.712013
1/29/2015,112.096588
1/30/2015,110.456161
2/2/2015,111.842026
2/3/2015,111.860893
2/4/2015,112.718803
2/5/2015,113.523354
2/6/2015,112.567368
2/9/2015,113.315125
2/10/2015,115.492058
2/11/2015,118.199066
2/12/2015,119.694534
2/13/2015,120.281372
2/17/2015,120.991257
2/18/2015,121.833633
2/19/2015,121.578079
2/20/2015,122.571892
2/23/2015,125.884659
2/24/2015,125.09906
2/25/2015,121.899872
2/26/2015,123.44268
2/27/2015,121.58754
3/2/2015,122.18383
3/3/2015,122.439384
3/4/2015,121.663254
3/5/2015,119.647224
3/6/2015,119.827042
3/9/2015,120.338158
3/10/2015,117.848854
3/11/2015,115.70031
3/12/2015,117.792061
3/13/2015,116.978073
3/16/2015,118.26532
3/17/2015,120.243484
3/18/2015,121.597
3/19/2015,120.678909
3/20/2015,119.164497
3/23/2015,120.404419
3/24/2015,119.912239
3/25/2015,116.77932
3/26/2015,117.5933
3/27/2015,116.656258
3/30/2015,119.609352
3/31/2015,117.773132
4/1/2015,117.602776
4/2/2015,118.615524
4/6/2015,120.536926
4/7/2015,119.268608
4/8/2015,118.880547
4/9/2015,119.789177
4/10/2015,120.300293
4/13/2015,120.063667
4/14/2015,119.543106
4/15/2015,119.997421
4/16/2015,119.420044
4/17/2015,118.076035
4/20/2015,120.773537
4/21/2015,120.120476
4/22/2015,121.738968
4/23/2015,122.732803
4/24/2015,123.310173
4/27/2015,125.553368
4/28/2015,123.575188
4/29/2015,121.757904
4/30/2015,118.45462
5/1/2015,122.051331
5/4/2015,121.814697
5/5/2015,119.069847
5/6/2015,118.322113
5/7/2015,119.053955
5/8/2015,121.297028
5/11/2015,120.061455
5/12/2015,119.633736
5/13/2015,119.7668
5/14/2015,122.561157
5/15/2015,122.390053
5/18/2015,123.739716
5/19/2015,123.625671
5/20/2015,123.616135
5/21/2015,124.880234
5/22/2015,125.973274
5/26/2015,123.197929
5/27/2015,125.498032
5/28/2015,125.250931
5/29/2015,123.825249
6/1/2015,124.072357
6/2/2015,123.521095
6/3/2015,123.673164
6/4/2015,122.950821
6/5/2015,122.276001
6/8/2015,121.468132
6/9/2015,121.106941
6/10/2015,122.494598
6/11/2015,122.218971
6/12/2015,120.869331
6/15/2015,120.631714
6/16/2015,121.278015
6/17/2015,120.992889
6/18/2015,121.544144
6/19/2015,120.32756
6/22/2015,121.287521
6/23/2015,120.736267
6/24/2015,121.762756
6/25/2015,121.182983
6/26/2015,120.470123
6/29/2015,118.36013
6/30/2015,119.215553
7/1/2015,120.32756
7/2/2015,120.175491
7/6/2015,119.757301
7/7/2015,119.462669
7/8/2015,116.497238
7/9/2015,114.121101
7/10/2015,117.172066
7/13/2015,119.434151
7/14/2015,119.386612
7/15/2015,120.536682
7/16/2015,122.142929
7/17/2015,123.197929
7/20/2015,125.526573
7/21/2015,124.271957
7/22/2015,119.015938
7/23/2015,118.958923
7/24/2015,118.331612
7/27/2015,116.687317
7/28/2015,117.267105
7/29/2015,116.896423
7/30/2015,116.307167
7/31/2015,115.290161
8/3/2015,112.571854
8/4/2015,108.960129
8/5/2015,109.682457
8/6/2015,109.921165
8/7/2015,110.293526
8/10/2015,114.303505
8/11/2015,108.355354
8/12/2015,110.026184
8/13/2015,109.940262
8/14/2015,110.713615
8/17/2015,111.859322
8/18/2015,111.229187
8/19/2015,109.806602
8/20/2015,107.553375
8/21/2015,100.975098
8/24/2015,98.454536
8/25/2015,99.046486
8/26/2015,104.727287
8/27/2015,107.81115
8/28/2015,108.164413
8/31/2015,107.658394
9/1/2015,102.846413
9/2/2015,107.257393
9/3/2015,105.376534
9/4/2015,104.326286
9/8/2015,107.228752
9/9/2015,105.166473
9/10/2015,107.477005
9/11/2015,109.042786
9/14/2015,110.093018
9/15/2015,111.01915
9/16/2015,111.14325
9/17/2015,108.765907
9/18/2015,108.317177
9/21/2015,109.997559
9/22/2015,108.269447
9/23/2015,109.147812
9/24/2015,109.79705
9/25/2015,109.520172
9/28/2015,107.352859
9/29/2015,104.125793
9/30/2015,105.309692
10/1/2015,104.622276
10/2/2015,105.38607
10/5/2015,105.76799
10/6/2015,106.273987
10/7/2015,105.76799
10/8/2015,104.545883
10/9/2015,107.04734
10/12/2015,106.550873
10/13/2015,106.732285
10/14/2015,105.223763
10/15/2015,106.799118
10/16/2015,106.016212
10/19/2015,106.674995
10/20/2015,108.622688
10/21/2015,108.613159
10/22/2015,110.274422
10/23/2015,113.692459
10/26/2015,110.064369
10/27/2015,109.367401
10/28/2015,113.873856
10/29/2015,115.076851
10/30/2015,114.093452
11/2/2015,115.697449
11/3/2015,117.024551
11/4/2015,116.480339
11/5/2015,115.94339
11/6/2015,116.077629
11/9/2015,115.607796
11/10/2015,111.964195
11/11/2015,111.331345
11/12/2015,110.957413
11/13/2015,107.716499
11/16/2015,109.480782
11/17/2015,109.010956
11/18/2015,112.462791
11/19/2015,113.891464
11/20/2015,114.390068
11/23/2015,112.903854
11/24/2015,113.98735
11/25/2015,113.172325
11/27/2015,112.961395
11/30/2015,113.431229
12/1/2015,112.510719
12/2/2015,111.494362
12/3/2015,110.458809
12/4/2015,114.131172
12/7/2015,113.412041
12/8/2015,113.364113
12/9/2015,110.861519
12/10/2015,111.388885
12/11/2015,108.521942
12/14/2015,107.850754
12/15/2015,105.94265
12/16/2015,106.757668
12/17/2015,104.494812
12/18/2015,101.666206
12/21/2015,102.912712
12/22/2015,102.816826
12/23/2015,104.14003
12/24/2015,103.583885
12/28/2015,102.423691
12/29/2015,104.264664
12/30/2015,102.903107
12/31/2015,100.927902
1/4/2016,101.014191
1/5/2016,98.482849
1/6/2016,96.555565
1/7/2016,92.480484
1/8/2016,92.969498
1/11/2016,94.474884
1/12/2016,95.846008
1/13/2016,93.381798
1/14/2016,95.424126
1/15/2016,93.132484
1/19/2016,92.681847
1/20/2016,92.806503
1/21/2016,92.336662
1/22/2016,97.245934
1/25/2016,95.347427
1/26/2016,95.874786
1/27/2016,89.57518
1/28/2016,90.217606
1/29/2016,93.333855
2/1/2016,92.461311
2/2/2016,90.59156
2/3/2016,92.384598
2/4/2016,93.1269
2/5/2016,90.639664
2/8/2016,91.594078
2/9/2016,91.574799
2/10/2016,90.880684
2/11/2016,90.331177
2/12/2016,90.610756
2/16/2016,93.165482
2/17/2016,94.592262
2/18/2016,92.799126
2/19/2016,92.587059
2/22/2016,93.396843
2/23/2016,91.285568
2/24/2016,92.644897
2/25/2016,93.281166
2/26/2016,93.425774
2/29/2016,93.213684
3/1/2016,96.915619
3/2/2016,97.127716
3/3/2016,97.850739
3/4/2016,99.306458
3/7/2016,98.207436
3/8/2016,97.397629
3/9/2016,97.484413
3/10/2016,97.5326
3/11/2016,98.58342
3/14/2016,98.834068
3/15/2016,100.820015
3/16/2016,102.160034
3/17/2016,101.996147
3/18/2016,102.111832
3/21/2016,102.102196
3/22/2016,102.883064
3/23/2016,102.31427
3/24/2016,101.870819
3/28/2016,101.408089
3/29/2016,103.808548
3/30/2016,105.620964
3/31/2016,105.071449
4/1/2016,106.035492
4/4/2016,107.12487
4/5/2016,105.861961
4/6/2016,106.970627
4/7/2016,104.63765
4/8/2016,104.753319
4/11/2016,105.100372
4/12/2016,106.469322
4/13/2016,108.011795
4/14/2016,108.069633
4/15/2016,105.900528
4/18/2016,103.615738
4/19/2016,103.066238
4/20/2016,103.278313
4/21/2016,102.160034
4/22/2016,101.880455
4/25/2016,101.302032
4/26/2016,100.598267
4/27/2016,94.303047
4/28/2016,91.42054
4/29/2016,90.369743
5/2/2016,90.273331
5/3/2016,91.757965
5/4/2016,90.803558
5/5/2016,90.43499
5/6/2016,89.930634
5/9/2016,89.998535
5/10/2016,90.609573
5/11/2016,89.726952
5/12/2016,87.622231
5/13/2016,87.796814
5/16/2016,91.05574
5/17/2016,90.677467
5/18/2016,91.715279
5/19/2016,91.366112
5/20/2016,92.355431
5/23/2016,93.529022
5/24/2016,94.954796
5/25/2016,96.623062
5/26/2016,97.389297
5/27/2016,97.331093
5/31/2016,96.855843
6/1/2016,95.497955
6/2/2016,94.780228
6/3/2016,94.97419
6/6/2016,95.662834
6/7/2016,96.050804
6/8/2016,95.963524
6/9/2016,96.652153
6/10/2016,95.856819
6/13/2016,94.411652
6/14/2016,94.52803
6/15/2016,94.217667
6/16/2016,94.615334
6/17/2016,92.46212
6/20/2016,92.239037
6/21/2016,93.024666
6/22/2016,92.675507
6/23/2016,93.208954
6/24/2016,90.590187
6/27/2016,89.271095
6/28/2016,90.774452
6/29/2016,91.560097
6/30/2016,92.723991
7/1/2016,93.005264
7/5/2016,92.132347
7/6/2016,92.656097
7/7/2016,93.053764
7/8/2016,93.771507
7/11/2016,94.062469
7/12/2016,94.48925
7/13/2016,93.955788
7/14/2016,95.818039
7/15/2016,95.808319
7/18/2016,96.826736
7/19/2016,96.865524
7/20/2016,96.952835
7/21/2016,96.438766
7/22/2016,95.691956
7/25/2016,94.411652
7/26/2016,93.761803
7/27/2016,99.852875
7/28/2016,101.201065
7/29/2016,101.074974
8/1/2016,102.859627
8/2/2016,101.336853
8/3/2016,102.607445
8/4/2016,103.241302
8/5/2016,104.811317
8/8/2016,105.679222
8/9/2016,106.108307
8/10/2016,105.318413
8/11/2016,105.250153
8/12/2016,105.493942
8/15/2016,106.761665
8/16/2016,106.664139
8/17/2016,106.508125
8/18/2016,106.371605
8/19/2016,106.644638
8/22/2016,105.81575
8/23/2016,106.147301
8/24/2016,105.347672
8/25/2016,104.899086
8/26/2016,104.284737
8/29/2016,104.167717
8/30/2016,103.368065
8/31/2016,103.465576
9/1/2016,104.079948
9/2/2016,105.055122
9/6/2016,105.025856
9/7/2016,105.669479
9/8/2016,102.900002
9/9/2016,100.569328
9/12/2016,102.821976
9/13/2016,105.269653
9/14/2016,108.994804
9/15/2016,112.700455
9/16/2016,112.066589
9/19/2016,110.759865
9/20/2016,110.750114
9/21/2016,110.730614
9/22/2016,111.77404
9/23/2016,109.911469
9/26/2016,110.077232
9/27/2016,110.282028
9/28/2016,111.120674
9/29/2016,109.394623
9/30/2016,110.243034
10/3/2016,109.726181
10/4/2016,110.194267
10/5/2016,110.243034
10/6/2016,111.062164
10/7/2016,111.227943
10/10/2016,113.168541
10/11/2016,113.412331
10/12/2016,114.426506
10/13/2016,114.075439
10/14/2016,114.709312
10/17/2016,114.631294
10/18/2016,114.553284
10/19/2016,114.211975
10/20/2016,114.153458
10/21/2016,113.70488
10/24/2016,114.728798
10/25/2016,115.313919
10/26/2016,112.719963
10/27/2016,111.63752
10/28/2016,110.896393
10/31/2016,110.720856
11/1/2016,108.721756
11/2/2016,108.819275
11/3/2016,107.652863
11/4/2016,106.68248
11/7/2016,108.221375
11/8/2016,108.858475
11/9/2016,108.682053
11/10/2016,105.653305
11/11/2016,106.280617
11/14/2016,103.614532
11/15/2016,104.986778
11/16/2016,107.809685
11/17/2016,107.770493
11/18/2016,107.878304
11/21/2016,109.515205
11/22/2016,109.583809
11/23/2016,109.025116
11/25/2016,109.574013
11/28/2016,109.358368
11/29/2016,109.250565
11/30/2016,108.329185
12/1/2016,107.319611
12/2/2016,107.721481
12/5/2016,106.947144
12/6/2016,107.770493
12/7/2016,108.829071
12/8/2016,109.897469
12/9/2016,111.691193
12/12/2016,111.054092
12/13/2016,112.906616
12/14/2016,112.906616
12/15/2016,113.524132
12/16/2016,113.671158
12/19/2016,114.327881
12/20/2016,114.631729
12/21/2016,114.739555
12/22/2016,113.984818
12/23/2016,114.210243
12/27/2016,114.935585
12/28/2016,114.445503
12/29/2016,114.416092
12/30/2016,113.524132
1/3/2017,113.847588
1/4/2017,113.720169
1/5/2017,114.29847
1/6/2017,115.572701
1/9/2017,116.631287
1/10/2017,116.748909
1/11/2017,117.376228
1/12/2017,116.886131
1/13/2017,116.680298
1/17/2017,117.621277
1/18/2017,117.611465
1/19/2017,117.405624
1/20/2017,117.621277
1/23/2017,117.699692
1/24/2017,117.591873
1/25/2017,119.464005
1/26/2017,119.52282
1/27/2017,119.532608
1/30/2017,119.218956
1/31/2017,118.944504
2/1/2017,126.197807
2/2/2017,125.982185
2/3/2017,126.521278
2/6/2017,127.707291
2/7/2017,128.922699
2/8/2017,129.422607
2/9/2017,130.357819
2/10/2017,130.062485
2/13/2017,131.214249
2/14/2017,132.917313
2/15/2017,133.399689
2/16/2017,133.242172
2/17/2017,133.60643
2/21/2017,134.571167
2/22/2017,134.974777
2/23/2017,134.403809
2/24/2017,134.531784
2/27/2017,134.797562
2/28/2017,134.856659
3/1/2017,137.613022
3/2/2017,136.795959
3/3/2017,137.603195
3/6/2017,137.170029
3/7/2017,137.347229
3/8/2017,136.835342
3/9/2017,136.520309
3/10/2017,136.973145
3/13/2017,137.032211
3/14/2017,136.825485
3/15/2017,138.272614
3/16/2017,138.499023
3/17/2017,137.809906
3/20/2017,139.257034
3/21/2017,137.662262
3/22/2017,139.217636
3/23/2017,138.725433
3/24/2017,138.449783
3/27/2017,138.68605
3/28/2017,141.560593
3/29/2017,141.875595
3/30/2017,141.688553
3/31/2017,141.42276
4/3/2017,141.462143
4/4/2017,142.515488
4/5/2017,141.777161
4/6/2017,141.42276
4/7/2017,141.107742
4/10/2017,140.940399
4/11/2017,139.424393
4/12/2017,139.591721
4/13/2017,138.853424
4/17/2017,139.621262
4/18/2017,139.001068
4/19/2017,138.489166
4/20/2017,140.221771
4/21/2017,140.054413
4/24/2017,141.403061
4/25/2017,142.279205
4/26/2017,141.442444
4/27/2017,141.550735
4/28/2017,141.412918
5/1/2017,144.297287
5/2/2017,145.212799
5/3/2017,144.769821
5/4/2017,144.248062
5/5/2017,146.640228
5/8/2017,150.627167
5/9/2017,151.591904
5/10/2017,150.87326
5/11/2017,152.178055
5/12/2017,154.303329
5/15/2017,153.907913
5/16/2017,153.680573
5/17/2017,148.52066
5/18/2017,150.784286
5/19/2017,151.298294
5/22/2017,152.217621
5/23/2017,152.029785
5/24/2017,151.575073
5/25/2017,152.098969
5/26/2017,151.84198
5/30/2017,151.901291
5/31/2017,151.00177
6/1/2017,151.416931
6/2/2017,153.660797
6/5/2017,152.158295
6/6/2017,152.672302
6/7/2017,153.581711
6/8/2017,153.2061
6/9/2017,147.265274
6/12/2017,143.746246
6/13/2017,144.902771
6/14/2017,143.489243
6/15/2017,142.629257
6/16/2017,140.632507
6/19/2017,144.655655
6/20/2017,143.340973
6/21/2017,144.191055
6/22/2017,143.953827
6/23/2017,144.596344
6/26/2017,144.141663
6/27/2017,142.075699
6/28/2017,144.15152
6/29/2017,142.02626
6/30/2017,142.36235
7/3/2017,141.848328
7/5/2017,142.431564
7/6/2017,141.087204
7/7/2017,142.520523
7/10/2017,143.390381
7/11/2017,143.85498
7/12/2017,144.062576
7/13/2017,146.069214
7/14/2017,147.32457
7/17/2017,147.838593
7/18/2017,148.352615
7/19/2017,149.281784
7/20/2017,148.609619
7/21/2017,148.540421
7/24/2017,150.339478
7/25/2017,150.981995
7/26/2017,151.69371
7/27/2017,148.827087
7/28/2017,147.779297
7/31/2017,147.018143
8/1/2017,148.322952
8/2/2017,155.331345
8/3/2017,153.779419
8/4/2017,154.589981
8/7/2017,156.982132
8/8/2017,158.237503
8/9/2017,159.206223
8/10/2017,154.135223
8/11/2017,156.278748
8/14/2017,158.630661
8/15/2017,160.36731
8/16/2017,159.72226
8/17/2017,156.655838
8/18/2017,156.298584
8/21/2017,156.010803
8/22/2017,158.561203
8/23/2017,158.759674
8/24/2017,158.055084
8/25/2017,158.640594
8/28/2017,160.238312
8/29/2017,161.667328
8/30/2017,162.103973
8/31/2017,162.749008
9/1/2017,162.798615
9/5/2017,160.843658
9/6/2017,160.674957
9/7/2017,160.029892
9/8/2017,157.419983
9/11/2017,160.268082
9/12/2017,159.63295
9/13/2017,158.432175
9/14/2017,157.072632
9/15/2017,158.660431
9/18/2017,157.459656
9/19/2017,157.519196
9/20/2017,154.879501
9/21/2017,152.21994
9/22/2017,150.731384
9/25/2017,149.401596
9/26/2017,151.971832
9/27/2017,153.053528
9/28/2017,152.110779
9/29/2017,152.944366
10/2/2017,152.636734
10/3/2017,153.30162
10/4/2017,152.30925
10/5/2017,154.204681
10/6/2017,154.115372
10/9/2017,154.651245
10/10/2017,154.710785
10/11/2017,155.355835
10/12/2017,154.810028
10/13/2017,155.792496
10/16/2017,158.660431
10/17/2017,159.245941
10/18/2017,158.541336
10/19/2017,154.790176
10/20/2017,155.058121
10/23/2017,154.978729
10/24/2017,155.901642
10/25/2017,155.216904
10/26/2017,156.209274
10/27/2017,161.806259
10/30/2017,165.448257
10/31/2017,167.750549
11/1/2017,165.616959
11/2/2017,166.827652
11/3/2017,171.184174
11/6/2017,172.920822
11/7/2017,173.476532
11/8/2017,174.895645
11/9/2017,174.538391
11/10/2017,173.960739
11/13/2017,173.26358
11/14/2017,170.644257
11/15/2017,168.393448
11/16/2017,170.405243
11/17/2017,169.459091
11/20/2017,169.28978
11/21/2017,172.436951
11/22/2017,174.249573
11/24/2017,174.259521
11/27/2017,173.383087
11/28/2017,172.367249
11/29/2017,168.791809
11/30/2017,171.152191
12/1/2017,170.355438
12/4/2017,169.110519
12/5/2017,168.951172
12/6/2017,168.323715
12/7/2017,168.632477
12/8/2017,168.682251
12/11/2017,171.968857
12/12/2017,171.002792
12/13/2017,171.570496
12/14/2017,171.520691
12/15/2017,173.26358
12/18/2017,175.703629
12/19/2017,173.831268
12/20/2017,173.642044
12/21/2017,174.299362
12/22/2017,174.299362
12/26/2017,169.877396
12/27/2017,169.907272
12/28/2017,170.385315
12/29/2017,168.542831
1/2/2018,171.560516
1/3/2018,171.53064
1/4/2018,172.327393
1/5/2018,174.289398
1/8/2018,173.642044
1/9/2018,173.622116
1/10/2018,173.582275
1/11/2018,174.568268
1/12/2018,176.370911
1/16/2018,175.474579
1/17/2018,178.372757
1/18/2018,178.532104
1/19/2018,177.735352
1/22/2018,176.281281
1/23/2018,176.321106
1/24/2018,173.512573
1/25/2018,170.415192
1/26/2018,170.813568
1/29/2018,167.278
1/30/2018,166.292007
1/31/2018,166.750137
2/1/2018,167.098724
2/2/2018,159.848282
2/5/2018,155.854568
2/6/2018,162.368011
2/7/2018,158.892166
2/8/2018,154.520004
2/9/2018,156.410004
2/12/2018,162.710007
2/13/2018,164.339996
2/14/2018,167.369995
2/15/2018,172.990005
2/16/2018,172.429993
2/20/2018,171.850006
2/21/2018,171.070007
2/22/2018,172.5
2/23/2018,175.5
2/26/2018,178.970001
2/27/2018,178.389999
2/28/2018,178.119995
3/1/2018,175
3/2/2018,176.210007
3/5/2018,176.820007
3/6/2018,176.669998
3/7/2018,175.029999
3/8/2018,176.940002
3/9/2018,179.979996
3/12/2018,181.720001
3/13/2018,179.970001
3/14/2018,178.440002
3/15/2018,178.649994
3/16/2018,178.020004
3/19/2018,175.300003
3/20/2018,175.240005
3/21/2018,171.270004
3/22/2018,168.850006
3/23/2018,164.940002
3/26/2018,172.770004
3/27/2018,168.339996
3/28/2018,166.479996
3/29/2018,167.779999
4/2/2018,166.679993
4/3/2018,168.389999
4/4/2018,171.610001
4/5/2018,172.800003
4/6/2018,168.380005
4/9/2018,170.050003
4/10/2018,173.25
4/11/2018,172.440002
4/12/2018,174.139999
4/13/2018,174.729996
4/16/2018,175.820007
4/17/2018,178.240005
4/18/2018,177.839996
4/19/2018,172.800003
4/20/2018,165.720001
4/23/2018,165.240005
4/24/2018,162.940002
4/25/2018,163.649994
4/26/2018,164.220001
4/27/2018,162.320007
4/30/2018,165.259995
5/1/2018,169.100006
5/2/2018,176.570007
5/3/2018,176.889999
